season,position_group,passing_yards_min,passing_yards_max,passing_yards_p10,passing_yards_p25,passing_yards_p50,passing_yards_p75,passing_yards_p90,passing_tds_min,passing_tds_max,passing_tds_p10,passing_tds_p25,passing_tds_p50,passing_tds_p75,passing_tds_p90,interceptions_min,interceptions_max,interceptions_p10,interceptions_p25,interceptions_p50,interceptions_p75,interceptions_p90,rushing_yards_min,rushing_yards_max,rushing_yards_p10,rushing_yards_p25,rushing_yards_p50,rushing_yards_p75,rushing_yards_p90,rushing_tds_min,rushing_tds_max,rushing_tds_p10,rushing_tds_p25,rushing_tds_p50,rushing_tds_p75,rushing_tds_p90,receiving_yards_min,receiving_yards_max,receiving_yards_p10,receiving_yards_p25,receiving_yards_p50,receiving_yards_p75,receiving_yards_p90,receiving_tds_min,receiving_tds_max,receiving_tds_p10,receiving_tds_p25,receiving_tds_p50,receiving_tds_p75,receiving_tds_p90,fantasy_points_min,fantasy_points_max,fantasy_points_p10,fantasy_points_p25,fantasy_points_p50,fantasy_points_p75,fantasy_points_p90,fantasy_points_ppr_min,fantasy_points_ppr_max,fantasy_points_ppr_p10,fantasy_points_ppr_p25,fantasy_points_ppr_p50,fantasy_points_ppr_p75,fantasy_points_ppr_p90
2020,DB,0.0,13.0,0.0,0.0,0.0,0.0,0.0,0.0,0.0,0.0,0.0,0.0,0.0,0.0,0.0,0.0,0.0,0.0,0.0,0.0,0.0,0.0,46.0,0.0,0.0,1.0,3.0,25.400000000000002,0.0,0.0,0.0,0.0,0.0,0.0,0.0,0.0,13.0,0.0,0.0,0.0,0.0,0.0,0.0,0.0,0.0,0.0,0.0,0.0,0.0,-1.8,6.0,0.06000000000000001,0.3,1.3,6.0,6.0,-1.8,6.0,0.06000000000000001,0.3,2.3,6.0,6.0
2020,LB,0.0,0.0,0.0,0.0,0.0,0.0,0.0,0.0,0.0,0.0,0.0,0.0,0.0,0.0,0.0,0.0,0.0,0.0,0.0,0.0,0.0,0.0,11.0,1.0,2.5,5.0,8.0,9.8,0.0,0.0,0.0,0.0,0.0,0.0,0.0,0.0,26.0,1.8,4.5,9.0,17.5,22.6,0.0,0.0,0.0,0.0,0.0,0.0,0.0,1.1,2.6,1.1600000000000001,1.25,1.4,2.0,2.3600000000000003,1.1,3.6,1.36,1.75,2.4,3.0,3.3600000000000003
2020,OL,0.0,0.0,0.0,0.0,0.0,0.0,0.0,0.0,0.0,0.0,0.0,0.0,0.0,0.0,0.0,0.0,0.0,0.0,0.0,0.0,0.0,0.0,0.0,0.0,0.0,0.0,0.0,0.0,0.0,0.0,0.0,0.0,0.0,0.0,0.0,0.0,4.0,0.0,0.0,0.0,1.25,2.5999999999999996,0.0,1.0,0.0,0.0,0.0,0.25,1.0,0.0,6.2,0.0,0.0,0.2,3.025,6.13,0.0,7.2,0.0,0.0,0.7,3.275,7.13
2020,QB,0.0,4823.0,18.0,137.0,864.0,2933.0,4212.0,0.0,48.0,0.0,0.0,5.0,16.0,33.0,0.0,15.0,0.0,0.0,4.0,8.0,11.0,-9.0,1005.0,-2.0,7.0,23.0,149.0,308.0,0.0,12.0,0.0,0.0,0.0,2.0,4.0,-6.0,35.0,0.0,0.0,0.0,0.0,0.0,0.0,1.0,0.0,0.0,0.0,0.0,0.0,-1.52,395.06,1.28,9.02,52.28,209.48,332.84,-1.52,396.06,1.28,9.02,52.28,209.48,332.84
2020,RB,0.0,0.0,0.0,0.0,0.0,0.0,0.0,0.0,0.0,0.0,0.0,0.0,0.0,0.0,0.0,0.0,0.0,0.0,0.0,0.0,0.0,-12.0,2027.0,2.900000000000002,19.25,146.5,444.75,795.8,0.0,17.0,0.0,0.0,1.0,3.0,7.0,-3.0,756.0,2.0,18.25,64.0,153.75,299.5,0.0,5.0,0.0,0.0,0.0,1.0,2.0,-1.0,314.1,1.260000000000001,7.625,28.25,87.275,147.79999999999998,0.0,377.8,2.6,12.700000000000001,36.85,108.725,189.96
2020,SPEC,0.0,28.0,0.0,0.0,0.0,14.0,26.0,0.0,0.0,0.0,0.0,0.0,0.0,0.0,0.0,0.0,0.0,0.0,0.0,0.0,0.0,-28.0,0.0,-2.0,0.0,0.0,0.0,0.0,0.0,0.0,0.0,0.0,0.0,0.0,0.0,0.0,0.0,0.0,0.0,0.0,0.0,0.0,0.0,0.0,0.0,0.0,0.0,0.0,0.0,-2.8,1.12,-2.2,0.0,0.0,0.56,1.04,-2.8,1.12,-2.2,0.0,0.0,0.56,1.04
2020,TE,0.0,928.0,0.0,0.0,0.0,0.0,0.0,0.0,4.0,0.0,0.0,0.0,0.0,0.0,0.0,2.0,0.0,0.0,0.0,0.0,0.0,-3.0,457.0,0.0,0.0,0.0,0.0,0.0,0.0,8.0,0.0,0.0,0.0,0.0,0.0,0.0,1416.0,3.0,31.0,110.0,312.0,574.0,0.0,11.0,0.0,0.0,1.0,3.0,5.0,0.0,207.76,0.5,3.6,17.900000000000002,44.699999999999996,87.92,0.0,312.76,1.58,6.6,29.5,76.2,143.94
2020,WR,0.0,74.0,0.0,0.0,0.0,0.0,0.0,0.0,2.0,0.0,0.0,0.0,0.0,0.0,0.0,2.0,0.0,0.0,0.0,0.0,0.0,-12.0,200.0,0.0,0.0,0.0,12.0,29.0,0.0,2.0,0.0,0.0,0.0,0.0,0.0,0.0,1535.0,13.0,60.0,245.5,623.0,932.0000000000002,0.0,18.0,0.0,0.0,1.0,4.0,6.0,-2.78,243.4,1.76,8.85,33.599999999999994,89.57499999999999,136.53000000000003,-2.78,358.40000000000003,2.96,13.575000000000001,54.19,136.9,214.06000000000006
2021,DB,0.0,23.0,0.0,0.0,0.0,0.0,3.0,0.0,0.0,0.0,0.0,0.0,0.0,0.0,0.0,0.0,0.0,0.0,0.0,0.0,0.0,0.0,28.0,0.0,0.0,0.0,4.5,10.5,0.0,0.0,0.0,0.0,0.0,0.0,0.0,0.0,17.0,0.0,0.0,0.0,0.0,3.0,0.0,0.0,0.0,0.0,0.0,0.0,0.0,-2.0,6.7,0.0,0.36,1.16,6.0,6.0,-2.0,6.7,0.0,0.36,1.5,6.0,6.0
2021,DL,0.0,0.0,0.0,0.0,0.0,0.0,0.0,0.0,0.0,0.0,0.0,0.0,0.0,0.0,0.0,0.0,0.0,0.0,0.0,0.0,0.0,0.0,0.0,0.0,0.0,0.0,0.0,0.0,0.0,0.0,0.0,0.0,0.0,0.0,0.0,0.0,1.0,0.1,0.25,0.5,0.75,0.9,0.0,1.0,0.1,0.25,0.5,0.75,0.9,6.0,6.1,6.01,6.025,6.05,6.074999999999999,6.09,6.0,7.1,6.11,6.275,6.55,6.824999999999999,6.989999999999999
2021,LB,0.0,0.0,0.0,0.0,0.0,0.0,0.0,0.0,0.0,0.0,0.0,0.0,0.0,0.0,0.0,0.0,0.0,0.0,0.0,0.0,0.0,0.0,0.0,0.0,0.0,0.0,0.0,0.0,0.0,0.0,0.0,0.0,0.0,0.0,0.0,0.0,4.0,0.0,0.0,0.0,2.0,3.2,0.0,0.0,0.0,0.0,0.0,0.0,0.0,0.4,12.0,1.52,3.2,6.0,9.0,10.8,1.4,12.0,2.32,3.7,6.0,9.0,10.8
2021,OL,0.0,0.0,0.0,0.0,0.0,0.0,0.0,0.0,0.0,0.0,0.0,0.0,0.0,0.0,0.0,0.0,0.0,0.0,0.0,0.0,0.0,0.0,0.0,0.0,0.0,0.0,0.0,0.0,0.0,0.0,0.0,0.0,0.0,0.0,0.0,-2.0,21.0,0.0,0.0,1.0,3.0,5.0,0.0,1.0,0.0,0.0,1.0,1.0,1.0,-0.2,6.5,0.0,0.0,6.1,6.2,6.3999999999999995,0.0,8.4,0.0,0.4,7.1,7.2,7.5
2021,QB,0.0,5316.0,4.200000000000001,141.0,740.0,3128.5,4199.799999999999,0.0,43.0,0.0,0.5,4.0,17.5,31.799999999999983,0.0,17.0,0.0,0.0,3.0,10.0,13.0,-8.0,784.0,-1.0,4.0,43.0,148.5,310.79999999999995,0.0,10.0,0.0,0.0,0.0,2.0,3.0,-4.0,52.0,0.0,0.0,0.0,0.0,0.0,0.0,0.0,0.0,0.0,0.0,0.0,0.0,-3.24,402.58,0.2,9.0,50.88,210.39,309.796,-3.24,402.58,0.2,9.0,51.88,210.39,309.796
2021,RB,0.0,5.0,0.0,0.0,0.0,0.0,0.0,0.0,1.0,0.0,0.0,0.0,0.0,0.0,0.0,1.0,0.0,0.0,0.0,0.0,0.0,-3.0,1811.0,4.0,23.0,125.0,491.0,825.2000000000002,0.0,18.0,0.0,0.0,1.0,3.0,6.0,-1.0,647.0,0.0,11.0,60.0,181.0,314.8,0.0,8.0,0.0,0.0,0.0,1.0,2.0,-0.9999999999999999,333.1,1.3,6.7,28.5,90.4,159.44000000000003,-0.1,373.1,2.0,8.9,36.6,117.2,196.72000000000003
2021,SPEC,0.0,38.0,0.0,0.0,0.0,0.5,14.600000000000005,0.0,0.0,0.0,0.0,0.0,0.0,0.0,0.0,0.0,0.0,0.0,0.0,0.0,0.0,0.0,4.0,0.0,0.0,0.0,0.0,0.9000000000000004,0.0,0.0,0.0,0.0,0.0,0.0,0.0,0.0,0.0,0.0,0.0,0.0,0.0,0.0,0.0,0.0,0.0,0.0,0.0,0.0,0.0,0.0,1.52,0.0,0.0,0.0,0.17500000000000002,0.6160000000000001,0.0,1.52,0.0,0.0,0.0,0.17500000000000002,0.6160000000000001
2021,TE,0.0,0.0,0.0,0.0,0.0,0.0,0.0,0.0,0.0,0.0,0.0,0.0,0.0,0.0,0.0,1.0,0.0,0.0,0.0,0.0,0.0,-3.0,40.0,0.0,0.0,0.0,0.0,0.0,0.0,1.0,0.0,0.0,0.0,0.0,0.0,-1.0,1361.0,8.0,33.5,117.0,281.0,589.4000000000001,0.0,9.0,0.0,0.0,1.0,3.0,4.0,-1.4,194.1,0.8,3.55,17.7,39.25,85.04,-1.4,301.1,1.9,7.6,32.6,69.55,145.98000000000002
2021,WR,0.0,88.0,0.0,0.0,0.0,0.0,0.0,0.0,1.0,0.0,0.0,0.0,0.0,0.0,0.0,0.0,0.0,0.0,0.0,0.0,0.0,-13.0,365.0,0.0,0.0,0.0,11.0,37.5,0.0,8.0,0.0,0.0,0.0,0.0,0.0,-7.0,1947.0,9.0,36.0,212.5,520.5,941.5,0.0,16.0,0.0,0.0,1.0,3.0,6.0,-2.7,294.5,1.0,5.425000000000001,30.5,72.55,134.9,-0.7,439.5,2.15,8.85,46.75,110.75,210.56
2022,DB,0.0,0.0,0.0,0.0,0.0,0.0,0.0,0.0,0.0,0.0,0.0,0.0,0.0,0.0,0.0,0.0,0.0,0.0,0.0,0.0,0.0,-3.0,55.0,0.0,0.0,0.0,2.0,3.0,0.0,0.0,0.0,0.0,0.0,0.0,0.0,0.0,78.0,0.0,0.0,0.0,0.0,0.0,0.0,1.0,0.0,0.0,0.0,0.0,0.0,-0.3,19.8,0.0,0.1,0.3,6.0,6.0,-0.3,23.8,0.0,0.1,0.3,6.0,6.0
2022,LB,0.0,0.0,0.0,0.0,0.0,0.0,0.0,0.0,0.0,0.0,0.0,0.0,0.0,0.0,0.0,0.0,0.0,0.0,0.0,0.0,0.0,0.0,4.0,0.0,0.0,0.0,1.5,3.4000000000000004,0.0,0.0,0.0,0.0,0.0,0.0,0.0,0.0,12.0,0.0,0.0,0.0,2.0,7.200000000000003,0.0,0.0,0.0,0.0,0.0,0.0,0.0,0.3,6.0,0.36,0.4,1.2,6.0,6.0,0.3,6.0,0.36,0.8999999999999999,2.2,6.0,6.0
2022,OL,0.0,0.0,0.0,0.0,0.0,0.0,0.0,0.0,0.0,0.0,0.0,0.0,0.0,0.0,0.0,0.0,0.0,0.0,0.0,0.0,0.0,0.0,0.0,0.0,0.0,0.0,0.0,0.0,0.0,0.0,0.0,0.0,0.0,0.0,0.0,0.0,9.0,0.0,0.0,0.0,4.5,7.2,0.0,0.0,0.0,0.0,0.0,0.0,0.0,0.0,0.9,0.0,0.0,0.0,0.45,0.7200000000000001,0.0,1.9,0.0,0.0,0.0,0.95,1.52
2022,QB,0.0,5250.0,35.8,195.0,781.0,2536.0,3948.2000000000035,0.0,41.0,0.0,1.0,4.0,15.0,25.0,0.0,15.0,0.0,1.0,4.0,8.0,11.600000000000009,-5.0,1143.0,0.0,7.0,54.0,106.0,362.80000000000007,0.0,13.0,0.0,0.0,0.0,1.0,3.6000000000000085,-10.0,77.0,0.0,0.0,0.0,0.0,0.0,0.0,2.0,0.0,0.0,0.0,0.0,0.0,-2.88,416.4,1.1440000000000001,12.46,47.699999999999996,174.24,286.72800000000007,-2.88,417.4,1.1440000000000001,12.46,47.699999999999996,174.24,287.12800000000004
2022,RB,0.0,34.0,0.0,0.0,0.0,0.0,0.0,0.0,1.0,0.0,0.0,0.0,0.0,0.0,0.0,1.0,0.0,0.0,0.0,0.0,0.0,-4.0,1653.0,4.0,25.5,109.0,464.5,897.0,0.0,17.0,0.0,0.0,1.0,3.0,6.0,-1.0,722.0,0.0,11.0,60.0,165.0,295.0,0.0,9.0,0.0,0.0,0.0,1.0,2.0,0.0,275.3,1.8,7.5,28.4,85.0,154.7,0.0,372.7,3.1999999999999997,9.95,38.300000000000004,109.19999999999999,202.5
2022,SPEC,0.0,18.0,0.0,0.0,4.0,13.0,17.2,0.0,0.0,0.0,0.0,0.0,0.0,0.0,0.0,0.0,0.0,0.0,0.0,0.0,0.0,-18.0,0.0,-5.999999999999999,0.0,0.0,0.0,0.0,0.0,0.0,0.0,0.0,0.0,0.0,0.0,0.0,0.0,0.0,0.0,0.0,0.0,0.0,0.0,0.0,0.0,0.0,0.0,0.0,0.0,-3.8,0.72,-0.9999999999999998,0.0,0.16,0.52,0.6880000000000001,-3.8,0.72,-0.9999999999999998,0.0,0.16,0.52,0.6880000000000001
2022,TE,0.0,0.0,0.0,0.0,0.0,0.0,0.0,0.0,0.0,0.0,0.0,0.0,0.0,0.0,0.0,0.0,0.0,0.0,0.0,0.0,0.0,-8.0,27.0,0.0,0.0,0.0,0.0,1.0,0.0,1.0,0.0,0.0,0.0,0.0,0.0,-2.0,1338.0,8.100000000000001,45.25,129.5,354.25,518.8,0.0,12.0,0.0,0.0,1.0,2.0,4.0,-0.2,206.3,0.9200000000000003,5.949999999999999,19.9,50.625,79.95,0.0,316.3,3.1200000000000006,9.774999999999999,32.0,82.925,134.47000000000003
2022,WR,0.0,34.0,0.0,0.0,0.0,0.0,0.0,0.0,1.0,0.0,0.0,0.0,0.0,0.0,0.0,1.0,0.0,0.0,0.0,0.0,0.0,-15.0,232.0,0.0,0.0,0.0,11.0,44.599999999999994,0.0,3.0,0.0,0.0,0.0,0.0,0.0,0.0,1809.0,10.400000000000002,41.5,202.0,534.5,912.9999999999998,0.0,14.0,0.0,0.0,1.0,3.0,6.0,-0.6,240.66,1.3,4.8,28.2,71.4,123.39999999999999,0.0,368.66,2.7800000000000007,8.95,47.6,115.6,198.74
2023,DB,0.0,0.0,0.0,0.0,0.0,0.0,0.0,0.0,0.0,0.0,0.0,0.0,0.0,0.0,0.0,0.0,0.0,0.0,0.0,0.0,0.0,0.0,11.0,0.0,0.0,0.0,2.5,6.200000000000003,0.0,0.0,0.0,0.0,0.0,0.0,0.0,0.0,31.0,0.0,0.0,0.0,9.0,23.200000000000003,0.0,0.0,0.0,0.0,0.0,0.0,0.0,0.2,6.0,0.26,0.7000000000000001,1.8,4.55,6.0,0.2,6.0,0.26,0.7000000000000001,2.8,5.05,6.0
2023,DL,0.0,0.0,0.0,0.0,0.0,0.0,0.0,0.0,0.0,0.0,0.0,0.0,0.0,0.0,0.0,0.0,0.0,0.0,0.0,0.0,0.0,0.0,0.0,0.0,0.0,0.0,0.0,0.0,0.0,0.0,0.0,0.0,0.0,0.0,0.0,0.0,2.0,0.2,0.5,1.0,1.5,1.8,0.0,1.0,0.1,0.25,0.5,0.75,0.9,2.0,6.2,2.42,3.05,4.1,5.15,5.78,2.0,7.2,2.52,3.3,4.6,5.9,6.680000000000001
2023,LB,0.0,31.0,0.0,0.0,0.0,0.0,18.6,0.0,0.0,0.0,0.0,0.0,0.0,0.0,0.0,0.0,0.0,0.0,0.0,0.0,0.0,0.0,3.0,0.0,0.0,0.0,2.0,2.6,0.0,0.0,0.0,0.0,0.0,0.0,0.0,0.0,6.0,0.0,0.0,0.0,0.0,3.6000000000000005,0.0,0.0,0.0,0.0,0.0,0.0,0.0,0.0,6.0,0.08000000000000002,0.2,0.6,1.54,4.216,0.0,6.0,0.08000000000000002,0.2,1.54,1.6,4.24
2023,OL,0.0,0.0,0.0,0.0,0.0,0.0,0.0,0.0,0.0,0.0,0.0,0.0,0.0,0.0,0.0,0.0,0.0,0.0,0.0,0.0,0.0,0.0,0.0,0.0,0.0,0.0,0.0,0.0,0.0,0.0,0.0,0.0,0.0,0.0,0.0,0.0,4.0,0.0,0.0,0.0,1.0,2.8000000000000007,0.0,0.0,0.0,0.0,0.0,0.0,0.0,0.0,2.0,0.0,0.0,0.2,0.8,1.5200000000000002,1.0,2.0,1.0,1.0,1.2,1.5499999999999998,1.82
2023,QB,0.0,4624.0,39.49999999999999,208.25,1005.0,2767.5,4041.2000000000003,0.0,36.0,0.0,1.0,4.5,15.0,25.900000000000006,0.0,21.0,0.0,1.0,4.0,8.0,11.900000000000006,-13.0,821.0,-1.9000000000000004,12.5,54.5,161.5,257.5,0.0,15.0,0.0,0.0,0.0,2.0,3.9000000000000057,-7.0,10.0,0.0,0.0,0.0,0.0,0.0,0.0,0.0,0.0,0.0,0.0,0.0,0.0,-1.3,394.64,1.3579999999999997,12.455,67.15,174.2,274.056,-1.3,394.64,1.3579999999999997,12.455,67.15,174.95,274.924
2023,RB,0.0,17.0,0.0,0.0,0.0,0.0,0.0,0.0,2.0,0.0,0.0,0.0,0.0,0.0,0.0,0.0,0.0,0.0,0.0,0.0,0.0,-2.0,1459.0,1.5,23.0,135.0,499.25,953.5,0.0,18.0,0.0,0.0,1.0,3.0,6.5,-2.0,591.0,0.0,13.0,52.0,189.0,314.5,0.0,7.0,0.0,0.0,0.0,1.0,2.0,-1.2,324.3,1.15,6.025,25.299999999999997,97.15,170.15,-0.2,391.3,2.1500000000000004,9.875,37.349999999999994,122.825,210.2
2023,SPEC,0.0,28.0,0.0,0.0,0.0,12.0,18.0,0.0,0.0,0.0,0.0,0.0,0.0,0.0,0.0,0.0,0.0,0.0,0.0,0.0,0.0,-23.0,10.0,-11.0,-5.5,0.0,0.0,0.0,0.0,0.0,0.0,0.0,0.0,0.0,0.0,0.0,0.0,0.0,0.0,0.0,0.0,0.0,0.0,0.0,0.0,0.0,0.0,0.0,0.0,-3.1,2.0,-2.8200000000000003,-1.15,0.44,0.86,1.12,-3.1,2.0,-2.8200000000000003,-1.15,0.44,0.86,1.12
2023,TE,0.0,83.0,0.0,0.0,0.0,0.0,0.0,0.0,1.0,0.0,0.0,0.0,0.0,0.0,0.0,0.0,0.0,0.0,0.0,0.0,0.0,-4.0,401.0,0.0,0.0,0.0,0.0,0.0,0.0,4.0,0.0,0.0,0.0,0.0,0.0,-10.0,1020.0,12.0,37.5,153.0,352.75,628.0,0.0,10.0,0.0,0.0,1.0,2.0,4.0,-1.0,153.3,1.2,6.0249999999999995,21.1,44.5,87.35,0.0,239.3,2.6500000000000004,10.75,34.900000000000006,77.225,140.41000000000003
2023,WR,-7.0,49.0,0.0,0.0,0.0,0.0,0.0,0.0,1.0,0.0,0.0,0.0,0.0,0.0,0.0,1.0,0.0,0.0,0.0,0.0,0.0,-12.0,225.0,0.0,0.0,0.0,11.0,39.0,0.0,5.0,0.0,0.0,0.0,0.0,0.0,0.0,1799.0,10.600000000000001,64.0,232.0,581.0,1031.2,0.0,13.0,0.0,0.0,1.0,4.0,7.0,-2.0,270.2,1.6600000000000001,10.1,32.5,77.8,146.12,-1.0,405.20000000000005,3.700000000000001,17.700000000000003,52.7,128.8,222.22000000000003
2024,DB,0.0,0.0,0.0,0.0,0.0,0.0,0.0,0.0,0.0,0.0,0.0,0.0,0.0,0.0,0.0,0.0,0.0,0.0,0.0,0.0,0.0,-2.0,21.0,0.0,0.0,0.0,2.0,7.5,0.0,0.0,0.0,0.0,0.0,0.0,0.0,0.0,18.0,0.0,0.0,0.0,0.0,2.0,0.0,0.0,0.0,0.0,0.0,0.0,0.0,-0.2,6.4,0.0,0.0,0.6,6.0,6.0,-0.2,7.4,0.0,0.0,0.6,6.0,6.0
2024,DL,0.0,0.0,0.0,0.0,0.0,0.0,0.0,0.0,0.0,0.0,0.0,0.0,0.0,0.0,0.0,0.0,0.0,0.0,0.0,0.0,0.0,0.0,0.0,0.0,0.0,0.0,0.0,0.0,0.0,0.0,0.0,0.0,0.0,0.0,0.0,2.0,2.0,2.0,2.0,2.0,2.0,2.0,1.0,1.0,1.0,1.0,1.0,1.0,1.0,6.2,6.2,6.2,6.2,6.2,6.2,6.2,7.2,7.2,7.2,7.2,7.2,7.2,7.2
2024,LB,0.0,0.0,0.0,0.0,0.0,0.0,0.0,0.0,0.0,0.0,0.0,0.0,0.0,0.0,0.0,0.0,0.0,0.0,0.0,0.0,0.0,0.0,1.0,0.0,0.0,0.0,0.5,0.8,0.0,0.0,0.0,0.0,0.0,0.0,0.0,0.0,34.0,0.0,0.0,0.0,17.0,27.200000000000003,0.0,0.0,0.0,0.0,0.0,0.0,0.0,0.1,6.0,0.76,1.75,3.4,4.7,5.48,0.1,6.0,0.9600000000000002,2.25,4.4,5.2,5.68
2024,OL,0.0,0.0,0.0,0.0,0.0,0.0,0.0,0.0,0.0,0.0,0.0,0.0,0.0,0.0,0.0,0.0,0.0,0.0,0.0,0.0,0.0,0.0,0.0,0.0,0.0,0.0,0.0,0.0,0.0,0.0,0.0,0.0,0.0,0.0,0.0,0.0,9.0,0.0,0.0,1.0,4.0,5.800000000000001,0.0,1.0,0.0,0.0,0.0,1.0,1.0,0.0,6.9,0.0,0.0,0.5,6.1,6.5,0.0,7.9,0.0,1.0,1.5,7.1,7.5
2024,QB,0.0,4918.0,23.000000000000004,193.0,1106.0,2885.0,3875.4,0.0,43.0,0.0,0.5,5.0,18.0,26.400000000000006,0.0,16.0,0.0,0.0,4.0,9.0,12.0,-7.0,915.0,0.0,5.0,54.0,192.0,422.8,0.0,14.0,0.0,0.0,0.0,2.0,4.200000000000003,-1.0,7.0,0.0,0.0,0.0,0.0,0.0,0.0,1.0,0.0,0.0,0.0,0.0,0.0,-2.08,430.38,0.776,11.16,76.72,188.3,309.392,-2.08,430.38,0.776,11.16,76.72,188.3,309.392
2024,RB,0.0,3.0,0.0,0.0,0.0,0.0,0.0,0.0,1.0,0.0,0.0,0.0,0.0,0.0,0.0,0.0,0.0,0.0,0.0,0.0,0.0,-1.0,2005.0,6.700000000000001,31.0,178.0,508.75,1009.6999999999999,0.0,16.0,0.0,0.0,1.0,4.0,8.0,-4.0,592.0,0.0,11.0,59.0,188.5,341.1,0.0,6.0,0.0,0.0,0.0,1.0,2.0,-2.0,322.3,0.99,7.15,30.15,92.7,191.26999999999995,-2.0,355.3,1.89,9.55,37.3,124.925,240.97
2024,SPEC,0.0,34.0,0.0,0.0,3.0,7.25,22.099999999999998,0.0,0.0,0.0,0.0,0.0,0.0,0.0,0.0,0.0,0.0,0.0,0.0,0.0,0.0,0.0,11.0,0.0,0.0,0.0,0.0,3.299999999999998,0.0,0.0,0.0,0.0,0.0,0.0,0.0,0.0,0.0,0.0,0.0,0.0,0.0,0.0,0.0,0.0,0.0,0.0,0.0,0.0,0.0,0.0,1.36,0.0,0.09,0.14,0.785,1.178,0.0,1.36,0.0,0.09,0.14,0.785,1.178
2024,TE,0.0,21.0,0.0,0.0,0.0,0.0,0.0,0.0,0.0,0.0,0.0,0.0,0.0,0.0,0.0,1.0,0.0,0.0,0.0,0.0,0.0,-4.0,278.0,0.0,0.0,0.0,0.0,0.0,0.0,6.0,0.0,0.0,0.0,0.0,0.0,0.0,1194.0,7.0,36.0,115.0,412.0,612.2000000000002,0.0,11.0,0.0,0.0,1.0,2.0,4.200000000000003,0.0,158.6,0.7,4.05,16.9,51.05,82.20000000000002,0.0,262.7,1.7,10.0,32.699999999999996,95.94999999999999,142.28
2024,WR,0.0,35.0,0.0,0.0,0.0,0.0,0.0,0.0,1.0,0.0,0.0,0.0,0.0,0.0,0.0,1.0,0.0,0.0,0.0,0.0,0.0,-6.0,163.0,0.0,0.0,0.0,6.0,34.5,0.0,3.0,0.0,0.0,0.0,0.0,0.0,-2.0,1708.0,6.5,38.75,206.0,557.5,970.5,0.0,17.0,0.0,0.0,1.0,3.0,7.0,-0.39999999999999997,276.0,1.1,5.875,27.0,82.35,134.85,-0.39999999999999997,403.0,2.1,9.0,43.4,124.65,208.05
